zotero_key,author_position,openalex_author_id,display_name,country_code,institution
73I46GUJ,0,A5119301611,Ramesh Bhatta,US,Rochester Institute of Technology
73I46GUJ,1,A5103542743,J AN van Aardt,US,Rochester Institute of Technology
JG2TBC2S,0,,Evan Greenberg,US,Jet Propulsion Laboratory
JG2TBC2S,0,,Evan Greenberg,US,Government of the United States of America
JG2TBC2S,1,,Niklas Bohn,US,Jet Propulsion Laboratory
JG2TBC2S,1,,Niklas Bohn,US,Government of the United States of America
JG2TBC2S,2,,Philip  G. Brodrick,US,Jet Propulsion Laboratory
JG2TBC2S,2,,Philip  G. Brodrick,US,Government of the United States of America
JG2TBC2S,3,,James Montgomery,US,Jet Propulsion Laboratory
JG2TBC2S,3,,James Montgomery,US,Government of the United States of America
JG2TBC2S,4,,Nimrod Carmon,,
JG2TBC2S,5,,Regina Eckert,US,Jet Propulsion Laboratory
JG2TBC2S,5,,Regina Eckert,US,Government of the United States of America
JG2TBC2S,6,,Robert  O. Green,US,Jet Propulsion Laboratory
JG2TBC2S,6,,Robert  O. Green,US,Government of the United States of America
JG2TBC2S,7,,David  R. Thompson,US,Jet Propulsion Laboratory
JG2TBC2S,7,,David  R. Thompson,US,Government of the United States of America
G24GRQM6,0,A5130223290,E. Greenberg,,
G24GRQM6,1,A5130237504,P.G. Brodrick,,
G24GRQM6,2,A5130241554,D.R. Thompson,,
G24GRQM6,3,A5130225814,A.M. Chlus,,
G24GRQM6,4,A5130213686,N. Bohn,,
G24GRQM6,5,A5130251205,J. Montgomery,,
G24GRQM6,6,A5130250951,J.W. Chapman,,
G24GRQM6,7,A5130218794,B.A. Wilder,,
G24GRQM6,8,A5130216156,M. Eastwood,,
G24GRQM6,9,A5009964529,S.R. Lundeen,,
G24GRQM6,10,A5130237107,R. Eckert,,
G24GRQM6,11,A5130228763,W. Olson-Duvall,,
G24GRQM6,12,A5130249156,R.F. Kokaly,,
G24GRQM6,13,A5130231686,R.O. Green,,
E9X6XH3U,0,A5130241554,D.R. Thompson,,
E9X6XH3U,1,A5130237107,R. Eckert,,
E9X6XH3U,2,A5130236671,M. Bernas,,
E9X6XH3U,3,A5130237504,P.G. Brodrick,,
E9X6XH3U,4,A5130225814,A.M. Chlus,,
E9X6XH3U,5,A5130250951,J.W. Chapman,,
E9X6XH3U,6,A5130216156,M. Eastwood,,
E9X6XH3U,7,A5130216865,H. Bender,,
E9X6XH3U,8,A5130229015,S. Geier,,
E9X6XH3U,9,A5130223290,E. Greenberg,,
E9X6XH3U,10,A5130251281,D. Keymeulen,,
E9X6XH3U,11,A5130248299,E. Liggett,,
E9X6XH3U,12,A5130228763,W. Olson-Duvall,,
E9X6XH3U,13,A5130223154,L.M. Rios,,
E9X6XH3U,14,A5028024148,Ed. Brunner,,
E9X6XH3U,15,A5122385279,D.J. Jensen,,
E9X6XH3U,16,A5130218315,S. Zandbergen,,
E9X6XH3U,17,A5130243555,Z. Small,,
E9X6XH3U,18,A5130232651,L.A. Shaw,,
E9X6XH3U,19,A5130214134,P. Sullivan,,
E9X6XH3U,20,A5130227175,Q.P. Vinckier,,
E9X6XH3U,21,A5130214393,W. Turner,,
E9X6XH3U,22,A5130244175,J.Y. Wang,,
E9X6XH3U,23,A5130231686,R.O. Green,,
X4A9Z8NX,0,,"Brodrick, P.G.",,
X4A9Z8NX,1,,"Chlus, A.M.",,
X4A9Z8NX,2,,"Eckert, R.",,
X4A9Z8NX,3,,"Chapman, J.W.",,
X4A9Z8NX,4,,"Eastwood, M.",,
X4A9Z8NX,5,,"Geier, S.",,
X4A9Z8NX,6,,"Helmlinger, M.",,
X4A9Z8NX,7,,"Lundeen, S.R.",,
X4A9Z8NX,8,,"Olson-Duvall, W.",,
X4A9Z8NX,9,,"Pavlick, R.",,
X4A9Z8NX,10,,"Rios, L.M.",,
X4A9Z8NX,11,,"Thompson, D.R.",,
X4A9Z8NX,12,,"Green, R.O.",,
KY8FSH6S,0,A5034086801,Adam M. Wilson,US,"University at Buffalo, State University of New York"
KY8FSH6S,1,A5075161633,Jasper A. Slingsby,ZA,South African Environmental Observation Network
KY8FSH6S,2,A5009427375,John A. Silander,,
KY8FSH6S,3,A5006070240,Cory Merow,US,Yale University
KY8FSH6S,4,A5074325009,Henry Frye,,
N7TLXNZA,0,A5133275609,Phemelo Mojalefa Rutlokoane,ZA,University of the Western Cape
N7TLXNZA,1,A5133278059,Patrick O'Farrell,ZA,University of the Western Cape
N7TLXNZA,2,A5129081805,Ryan Blanchard,ZA,South African Radio Astronomy Observatory
N7TLXNZA,2,A5129081805,Ryan Blanchard,ZA,South African Environmental Observation Network
M585U75D,0,A5120103999,Afika Phumelela Singano,ZA,University of Pretoria
M585U75D,1,A5012859434,Philemon Tsele,ZA,University of Pretoria
M585U75D,2,A5035052832,Abel Ramoelo,ZA,University of Pretoria
M585U75D,3,A5022441956,Moses Azong Cho,,
M585U75D,4,A5072517782,Bongokuhle Sibiya,ZA,University of KwaZulu-Natal
NBXM7ZI2,0,A5130140409,Bongokuhle S’phesihle Sibiya,ZA,Council for Scientific and Industrial Research
NBXM7ZI2,0,A5130140409,Bongokuhle S’phesihle Sibiya,GH,Council for Scientific and Industrial Research
NBXM7ZI2,0,A5130140409,Bongokuhle S’phesihle Sibiya,ZA,University of KwaZulu-Natal
NBXM7ZI2,1,A5022441956,Moses Azong Cho,ZA,Council for Scientific and Industrial Research
NBXM7ZI2,1,A5022441956,Moses Azong Cho,GH,Council for Scientific and Industrial Research
NBXM7ZI2,1,A5022441956,Moses Azong Cho,ZA,University of KwaZulu-Natal
NBXM7ZI2,2,A5052316745,Onisimo Mutanga,ZA,University of KwaZulu-Natal
NBXM7ZI2,3,A5031257536,John Odindi,ZA,University of KwaZulu-Natal
NBXM7ZI2,4,A5079099880,Cecilia Masemola,ZA,Council for Scientific and Industrial Research
NBXM7ZI2,4,A5079099880,Cecilia Masemola,GH,Council for Scientific and Industrial Research
NBXM7ZI2,5,,Johannes Van Staden,ZA,University of KwaZulu-Natal
RXWLB2LD,0,A5046232521,Wessel Bonnet,ZA,Council for Scientific and Industrial Research
RXWLB2LD,1,A5022441956,Moses Azong Cho,ZA,Council for Scientific and Industrial Research
RXWLB2LD,2,A5041224209,Paxie W. Chirwa,ZA,University of Pretoria
RXWLB2LD,3,A5079099880,Cecilia Masemola,ZA,South African National Space Agency
6YNEZ6EM,0,A5083570738,Meghan T. Hayden,US,University of Colorado Boulder
6YNEZ6EM,1,A5045468947,Matthew W. Rossi,US,Cooperative Institute for Research in Environmental Sciences
6YNEZ6EM,1,A5045468947,Matthew W. Rossi,US,University of Colorado Boulder
6YNEZ6EM,1,A5045468947,Matthew W. Rossi,US,University of Colorado System
6YNEZ6EM,2,A5033730022,Laura E. Dee,US,University of Colorado Boulder
6YNEZ6EM,3,A5056274336,Kyle R. Kovach,US,University of Wisconsin–Madison
6YNEZ6EM,4,A5045065046,Cibele Hummel do Amaral,US,Cooperative Institute for Research in Environmental Sciences
6YNEZ6EM,4,A5045065046,Cibele Hummel do Amaral,US,University of Colorado Boulder
6YNEZ6EM,4,A5045065046,Cibele Hummel do Amaral,US,University of Colorado System
6YNEZ6EM,5,A5017719816,Jacob Nesslage,US,"University of California, Merced"
6YNEZ6EM,6,A5115442222,Madeline Slimp,US,"University of California, Santa Cruz"
6YNEZ6EM,7,A5080883025,Rachel S. Meyer,US,"University of California, Santa Cruz"
6YNEZ6EM,8,A5014255363,E. Natasha Stavros,US,Atkinson Noland and Associates (United States)
HK3XKJID,0,A5013779212,Ali Reza Payandeh,US,Jet Propulsion Laboratory
HK3XKJID,1,A5120970171,Marc Simard,US,Jet Propulsion Laboratory
HK3XKJID,2,A5072635045,Daniel Jensen,US,Jet Propulsion Laboratory
HK3XKJID,3,A5070107390,Anthony Campbell,US,Goddard College
HK3XKJID,4,A5086308388,Heidi van Deventer,ZA,Council for Scientific and Industrial Research
HK3XKJID,4,A5086308388,Heidi van Deventer,GB,GeoInformation (United Kingdom)
HK3XKJID,5,A5038903118,Alexandra Christensen,US,Jet Propulsion Laboratory
JT9WCL6U,0,,"Clark, M.",,
JT9WCL6U,1,,"Salas, L.",,
JT9WCL6U,2,,"Snyder, R.",,
JT9WCL6U,3,,"Lee, A.",,
JT9WCL6U,4,,"Turner, A.A.",,
JT9WCL6U,5,,"Seymour, C.",,
JT9WCL6U,6,,"Measey, J.",,
JT9WCL6U,7,,"Ferraz, A.",,
JT9WCL6U,8,,"Schneider, F.D.",,
JT9WCL6U,9,,"Adegbola, F.O.",,
WAGH4Y2W,0,,"Slimp, M.",,
WAGH4Y2W,1,,"Malindi, J.",,
WAGH4Y2W,2,,"Meyer, R.",,
WAGH4Y2W,3,,"Cunningham, A.",,
WAGH4Y2W,4,,"Rourke, J.",,
WAGH4Y2W,5,,"Hayden, M.",,
WAGH4Y2W,6,,"Hargey, A.",,
WAGH4Y2W,7,,"Nesslage, J.",,
WAGH4Y2W,8,,"Johnson, S.",,
WAGH4Y2W,9,,"Rossi, M.",,
WAGH4Y2W,10,,"Stavros, N.",,
V2MPBCTI,0,,"Kovach, K.R.",,
V2MPBCTI,1,,"Ye, Z.",,
V2MPBCTI,2,,"Frye, H.",,
V2MPBCTI,3,,"Townsend, P.A.",,
NVFCDSB2,0,,"Campbell, A.",,
NVFCDSB2,1,,"Adam, E.",,
NVFCDSB2,2,,"Fatoyinbo, L.",,
NVFCDSB2,3,,"Jensen, D.J.",,
NVFCDSB2,4,,"Simard, M.",,
NVFCDSB2,5,,"Smith, K.",,
NVFCDSB2,6,,"Thakali, P.",,
NVFCDSB2,7,,"Barrenblit, A.",,
NVFCDSB2,8,,"Naidoo, L.",,
NVFCDSB2,9,,"van Deventer, H.",,
NVFCDSB2,10,,"Stovall, A.",,
3ACKTURE,0,,"Campbell, A.",,
3ACKTURE,1,,"Adam, E.",,
3ACKTURE,2,,"Fatoyinbo, L.",,
3ACKTURE,3,,"Jensen, D.J.",,
3ACKTURE,4,,"Simard, M.",,
3ACKTURE,5,,"Smith, K.",,
3ACKTURE,6,,"Thakali, P.",,
3ACKTURE,7,,"Barrenblit, A.",,
3ACKTURE,8,,"Naidoo, L.",,
3ACKTURE,9,,"van Deventer, H.",,
3ACKTURE,10,,"Stovall, A.",,
LLKNG6UF,0,,"Thornton, Michele",US,Oak Ridge National Laboratory
LLKNG6UF,1,,"Shrestha, Rupesh",US,Oak Ridge National Laboratory
LLKNG6UF,2,,"Cardoso, Anabelle Williamson",ZA,University of Cape Town
LLKNG6UF,2,,"Cardoso, Anabelle Williamson",US,"University at Buffalo, State University of New York"
LLKNG6UF,3,,"Hestir, Erin",US,"University of California, Merced"
LLKNG6UF,4,,"Slingsby, Jasper",ZA,University of Cape Town
LLKNG6UF,4,,"Slingsby, Jasper",ZA,South African Environmental Observation Network
LLKNG6UF,5,,"Moncrieff, Glenn",,
LLKNG6UF,6,,"Townsend, Philip",US,University of Wisconsin–Madison
LLKNG6UF,7,,"Frye, Henry A.",US,University of Wisconsin–Madison
LLKNG6UF,8,,"Kovach, Kyle R",US,University of Wisconsin–Madison
LLKNG6UF,9,,"Cawse-Nicholson, Kerry",US,Jet Propulsion Laboratory
W698BLF4,0,A5111220889,Anabelle Cardoso,ZA,University of Cape Town
W698BLF4,0,A5111220889,Anabelle Cardoso,US,"University at Buffalo, State University of New York"
W698BLF4,1,A5011542168,Erin L. Hestir,US,"University of California, Merced"
W698BLF4,2,A5075161633,Jasper A. Slingsby,ZA,University of Cape Town
W698BLF4,2,A5075161633,Jasper A. Slingsby,ZA,South African Environmental Observation Network
W698BLF4,3,A5017719816,Jacob Nesslage,US,"University of California, Merced"
W698BLF4,4,A5113368780,Cherie Forbes,ZA,University of Cape Town
W698BLF4,4,A5113368780,Cherie Forbes,US,"University at Buffalo, State University of New York"
W698BLF4,5,A5034086801,Adam M. Wilson,US,"University at Buffalo, State University of New York"
XDKCBRZQ,0,A5078335347,Anabelle W. Cardoso,US,"University at Buffalo, State University of New York"
XDKCBRZQ,1,A5075161633,Jasper A. Slingsby,ZA,University of Cape Town
XDKCBRZQ,2,A5034086801,Adam M. Wilson,US,"University at Buffalo, State University of New York"
XDKCBRZQ,3,A5004825526,Philip G. Brodrick,US,Jet Propulsion Laboratory
XDKCBRZQ,4,A5011542168,Erin L. Hestir,US,"University of California, Merced"
XDKCBRZQ,4,A5011542168,Erin L. Hestir,US,Center for Information Technology Research in the Interest of Society
2BEAQS29,0,A5078335347,Anabelle W. Cardoso,US,"University at Buffalo, State University of New York"
2BEAQS29,1,A5004825526,Philip G. Brodrick,US,Jet Propulsion Laboratory
2BEAQS29,2,A5034086801,Adam M. Wilson,US,"University at Buffalo, State University of New York"
2BEAQS29,3,A5075161633,Jasper A. Slingsby,ZA,University of Cape Town
2BEAQS29,4,A5113368780,Cherie Forbes,US,"University at Buffalo, State University of New York"
2BEAQS29,5,A5025624657,Michele Thornton,US,Oak Ridge National Laboratory
2BEAQS29,6,A5011542168,Erin L. Hestir,US,"University of California, Merced"
JU8YJ3BY,0,,SeaBASS,,
7K2KFXD5,0,A5011542168,Erin L. Hestir,US,"University of California, Merced"
7K2KFXD5,1,A5034086801,Adam M. Wilson,US,New York University
7K2KFXD5,1,A5034086801,Adam M. Wilson,US,"University at Buffalo, State University of New York"
7K2KFXD5,2,A5111220889,Anabelle Cardoso,ZA,University of Cape Town
7K2KFXD5,2,A5111220889,Anabelle Cardoso,US,New York University
7K2KFXD5,2,A5111220889,Anabelle Cardoso,US,"University at Buffalo, State University of New York"
7K2KFXD5,3,A5075161633,Jasper A. Slingsby,ZA,University of Cape Town
7K2KFXD5,4,A5113368780,Cherie Forbes,US,"University of California, Merced"
7K2KFXD5,4,A5113368780,Cherie Forbes,ZA,University of Cape Town
7K2KFXD5,4,A5113368780,Cherie Forbes,US,New York University
7K2KFXD5,4,A5113368780,Cherie Forbes,US,"University at Buffalo, State University of New York"
NCNJL4LH,0,A5009229882,Luka Catipovic,US,City College of New York
NCNJL4LH,0,A5009229882,Luka Catipovic,US,City University of New York
NCNJL4LH,1,A5041269771,Maria Tzortziou,US,City College of New York
NCNJL4LH,1,A5041269771,Maria Tzortziou,US,Goddard Space Flight Center
NCNJL4LH,1,A5041269771,Maria Tzortziou,US,City University of New York
NCNJL4LH,2,A5000358498,Kyle J. Turner,US,City College of New York
NCNJL4LH,2,A5000358498,Kyle J. Turner,US,City University of New York
NCNJL4LH,3,A5125595077,Joshua Harringmeyer,US,City College of New York
NCNJL4LH,3,A5125595077,Joshua Harringmeyer,US,City University of New York
NCNJL4LH,4,,Joaquim Goes,US,Lamont-Doherty Earth Observatory
NCNJL4LH,5,,Helga Gomes,US,Lamont-Doherty Earth Observatory
NCNJL4LH,6,A5010852649,Jinghui Wu,US,Lamont-Doherty Earth Observatory
NCNJL4LH,7,A5102424530,Ryan O'Shea,US,Goddard Space Flight Center
NCNJL4LH,7,A5102424530,Ryan O'Shea,US,Science Systems and Applications (United States)
NCNJL4LH,8,A5063918953,Liane Guild,US,Ames Research Center
NCNJL4LH,9,A5095924106,Brishan Kalyan,ZA,South African Environmental Observation Network
NCNJL4LH,9,A5095924106,Brishan Kalyan,ZA,Nelson Mandela University
NCNJL4LH,10,A5084793695,Lisl Lain,ZA,Council for Scientific and Industrial Research
NCNJL4LH,11,A5085327997,Marié Smith,ZA,University of Cape Town
NCNJL4LH,11,A5085327997,Marié Smith,ZA,Council for Scientific and Industrial Research
NCNJL4LH,12,A5104227849,Thomas Gorge Bornman,ZA,South African Environmental Observation Network
NCNJL4LH,12,A5104227849,Thomas Gorge Bornman,ZA,Nelson Mandela University
NCNJL4LH,13,A5125541791,Lucienne R. D. Human,ZA,South African Environmental Observation Network
NCNJL4LH,13,A5125541791,Lucienne R. D. Human,ZA,Nelson Mandela University
NCNJL4LH,14,A5041831184,Daniel Buttner,ZA,South African Environmental Observation Network
NCNJL4LH,15,A5047185438,Marelé A. Nel,ZA,South African Environmental Observation Network
NCNJL4LH,16,A5110960850,Jeremy Kravitz,US,Space Environment Technologies (United States)
NCNJL4LH,16,A5110960850,Jeremy Kravitz,US,SpaceX (United States)
NCNJL4LH,17,A5125563870,Humeshni Pilay,ZA,University of Cape Town
NCNJL4LH,18,A5014471031,Samantha L. Sharp,US,Ames Research Center
NCNJL4LH,18,A5014471031,Samantha L. Sharp,US,NASA Research Park
NCNJL4LH,19,A5125544188,Juan L. Torres‐Perez,US,Ames Research Center
NCNJL4LH,20,A5064182173,Glynn Pindihama,ZA,University of Venda
NCNJL4LH,21,A5084968497,Rabelani Mudzielwana,ZA,University of Venda
RLHCTNX5,0,A5090131565,Kevin Musungu,ZA,University of Cape Town
RLHCTNX5,0,A5090131565,Kevin Musungu,ZA,Cape Peninsula University of Technology
RLHCTNX5,1,A5023120868,Moreblessings Shoko,ZA,University of Cape Town
RLHCTNX5,2,A5073797932,Julian Smit,ZA,Cape Peninsula University of Technology
UN76IRU3,0,A5007124784,Manisha Das Chaity,,
UN76IRU3,1,,Manisha Das,US,Rochester Institute of Technology
UN76IRU3,2,A5085740223,Jan van Aardt,US,Rochester Institute of Technology
P8A6FNBK,0,A5067375127,Geethen Singh,,
P8A6FNBK,1,A5075161633,Jasper A. Slingsby,,
P8A6FNBK,2,A5089742776,Tamara B. Robinson,,
P8A6FNBK,3,A5081903935,Glenn R. Moncrieff,,
G74SW35Q,0,A5119301611,Ramesh Bhatta,US,Rochester Institute of Technology
G74SW35Q,1,A5007124784,Manisha Das Chaity,US,Rochester Institute of Technology
G74SW35Q,2,A5027913350,Robert Chancia,US,Rochester Institute of Technology
G74SW35Q,3,A5075161633,Jasper A. Slingsby,ZA,University of Cape Town
G74SW35Q,3,A5075161633,Jasper A. Slingsby,ZA,South African Environmental Observation Network
G74SW35Q,4,A5081903935,Glenn R. Moncrieff,US,The Nature Conservancy
G74SW35Q,5,A5085740223,Jan van Aardt,US,Rochester Institute of Technology
FFR2ICCU,0,,"Rebelo, Alanna",ZA,Stellenbosch University
FFR2ICCU,1,,"Coertze, Nicholas",,
FFR2ICCU,2,,"Rebelo, Anthony",,
PKK28ZHL,0,A5119301611,Ramesh Bhatta,US,Rochester Institute of Technology
PKK28ZHL,1,A5007124784,Manisha Das Chaity,US,Rochester Institute of Technology
PKK28ZHL,2,A5085740223,Jan van Aardt,US,Rochester Institute of Technology
XPVU69I9,0,A5007124784,Manisha Das Chaity,US,Rochester Institute of Technology
XPVU69I9,1,A5123179051,Rob Chancia,US,Rochester Institute of Technology
XPVU69I9,2,A5119301611,Ramesh Bhatta,US,Rochester Institute of Technology
XPVU69I9,3,A5123239156,Jasper Slingsby,ZA,University of Cape Town
XPVU69I9,4,A5081903935,Glenn R. Moncrieff,,
XPVU69I9,5,A5103542743,J AN van Aardt,US,Rochester Institute of Technology
B33MHEL3,0,A5078335347,Anabelle W. Cardoso,ZA,University of Cape Town
B33MHEL3,0,A5078335347,Anabelle W. Cardoso,US,"University at Buffalo, State University of New York"
B33MHEL3,1,A5011542168,Erin L. Hestir,US,"University of California, Merced"
B33MHEL3,2,A5075161633,Jasper A. Slingsby,ZA,University of Cape Town
B33MHEL3,2,A5075161633,Jasper A. Slingsby,ZA,South African Environmental Observation Network
B33MHEL3,3,A5021319056,Cherié J. Forbes,ZA,University of Cape Town
B33MHEL3,3,A5021319056,Cherié J. Forbes,US,"University at Buffalo, State University of New York"
B33MHEL3,4,A5081903935,Glenn R. Moncrieff,,
B33MHEL3,5,A5030949747,Woody Turner,,
B33MHEL3,6,A5082317382,Andrew Skowno,ZA,University of Cape Town
B33MHEL3,6,A5082317382,Andrew Skowno,ZA,South African National Biodiversity Institute
B33MHEL3,7,A5017719816,Jacob Nesslage,US,"University of California, Merced"
B33MHEL3,8,A5004825526,Philip G. Brodrick,US,Jet Propulsion Laboratory
B33MHEL3,9,A5026049247,Keith D. Gaddis,,
B33MHEL3,10,A5034086801,Adam M. Wilson,US,"University at Buffalo, State University of New York"
RCEZPCGI,0,A5070107390,Anthony Campbell,US,"University of Maryland, Baltimore"
RCEZPCGI,0,A5070107390,Anthony Campbell,US,Goddard Space Flight Center
RCEZPCGI,0,A5070107390,Anthony Campbell,US,National Aeronautics and Space Administration
RCEZPCGI,0,A5070107390,Anthony Campbell,US,"University of Maryland, Baltimore County"
RCEZPCGI,1,A5072945920,Elhadi Adam,ZA,University of the Witwatersrand
RCEZPCGI,2,A5070995948,Janine B. Adams,ZA,Nelson Mandela University
RCEZPCGI,3,A5119948754,Abigail Barrenblitt,US,Goddard Space Flight Center
RCEZPCGI,3,A5119948754,Abigail Barrenblitt,US,National Aeronautics and Space Administration
RCEZPCGI,3,A5119948754,Abigail Barrenblitt,US,Earth System Science Interdisciplinary Center
RCEZPCGI,3,A5119948754,Abigail Barrenblitt,US,"University of Maryland, College Park"
RCEZPCGI,4,A5000005785,Temilola Fatoyinbo,US,Goddard Space Flight Center
RCEZPCGI,4,A5000005785,Temilola Fatoyinbo,US,National Aeronautics and Space Administration
RCEZPCGI,4,A5000005785,Temilola Fatoyinbo,US,Massachusetts Institute of Technology
RCEZPCGI,5,A5072635045,Daniel Jensen,US,Jet Propulsion Laboratory
RCEZPCGI,6,A5004803712,Laven Naidoo,ZA,University of the Witwatersrand
RCEZPCGI,6,A5004803712,Laven Naidoo,ZA,University of Johannesburg
RCEZPCGI,6,A5004803712,Laven Naidoo,ZA,Government of South Africa
RCEZPCGI,6,A5004803712,Laven Naidoo,ZA,University of Pretoria
RCEZPCGI,7,A5006615842,Taryn Riddin,ZA,Nelson Mandela University
RCEZPCGI,8,A5007268288,Marc Simard,US,Jet Propulsion Laboratory
RCEZPCGI,9,A5056356429,Kyle T. Smith,ZA,South African National Parks
RCEZPCGI,10,A5119825893,Pati Thakali,ZA,University of the Witwatersrand
RCEZPCGI,11,A5086308388,Heidi van Deventer,ZA,Council for Scientific and Industrial Research
RCEZPCGI,11,A5086308388,Heidi van Deventer,ZA,University of Pretoria
RCEZPCGI,12,A5039711590,Lara Van Niekerk,ZA,Council for Scientific and Industrial Research
RCEZPCGI,12,A5039711590,Lara Van Niekerk,ZA,Nelson Mandela University
RCEZPCGI,13,A5027728474,Atticus Stovall,US,Goddard Space Flight Center
RCEZPCGI,13,A5027728474,Atticus Stovall,US,National Aeronautics and Space Administration
RCEZPCGI,13,A5027728474,Atticus Stovall,US,Earth System Science Interdisciplinary Center
RCEZPCGI,13,A5027728474,Atticus Stovall,US,"University of Maryland, College Park"
YPSFY2SZ,0,A5119825893,Pati Thakali,ZA,University of the Witwatersrand
YPSFY2SZ,1,A5070107390,Anthony Campbell,US,Goddard Space Flight Center
YPSFY2SZ,1,A5070107390,Anthony Campbell,US,"University of Maryland, Baltimore County"
YPSFY2SZ,2,A5072945920,Elhadi Adam,ZA,University of the Witwatersrand
BTRVEGJP,0,A5122213462,Mmasechaba L. Moropane,ZA,University of the Western Cape
BTRVEGJP,1,A5037702990,Cletah Shoko,ZA,University of the Witwatersrand
BTRVEGJP,2,A5121101642,Timothy Dube,ZA,University of the Western Cape
BTRVEGJP,3,A5073643796,Dominic Mazvimavi,ZA,University of the Western Cape
TN2VGD7Z,0,A5079099085,Kerry Cawse‐Nicholson,US,Jet Propulsion Laboratory
TN2VGD7Z,0,A5079099085,Kerry Cawse‐Nicholson,US,Carbon Cycle and Ecosystems
TN2VGD7Z,1,A5083238237,K. Dana Chadwick,US,Jet Propulsion Laboratory
TN2VGD7Z,2,A5004825526,Philip G. Brodrick,US,Jet Propulsion Laboratory
TN2VGD7Z,3,A5115843942,Michael Kiper,US,Jet Propulsion Laboratory
TN2VGD7Z,4,A5022369533,David R. Thompson,US,Jet Propulsion Laboratory
TN2VGD7Z,5,A5069783783,David Schimel,US,Jet Propulsion Laboratory
TN2VGD7Z,5,A5069783783,David Schimel,US,Carbon Cycle and Ecosystems
TN2VGD7Z,6,A5086402941,Charles E. Miller,US,Jet Propulsion Laboratory
TN2VGD7Z,6,A5086402941,Charles E. Miller,US,Carbon Cycle and Ecosystems
TN2VGD7Z,7,A5014556096,Philip A. Townsend,US,Jet Propulsion Laboratory
TN2VGD7Z,7,A5014556096,Philip A. Townsend,US,University of Wisconsin–Madison
TN2VGD7Z,7,A5014556096,Philip A. Townsend,US,Carbon Cycle and Ecosystems
TN2VGD7Z,8,A5060772143,Luciana F. Alves,US,"University of California, Los Angeles"
TN2VGD7Z,9,A5027601247,Alexey Shiklomanov,US,Goddard Space Flight Center
TN2VGD7Z,10,A5101551134,Moses Azong Cho,ZA,Council for Scientific and Industrial Research
TN2VGD7Z,10,A5101551134,Moses Azong Cho,ZA,University of Pretoria
TN2VGD7Z,11,A5035052832,Abel Ramoelo,ZA,South African National Space Agency
TN2VGD7Z,11,A5035052832,Abel Ramoelo,ZA,University of Pretoria
TN2VGD7Z,12,A5012859434,Philemon Tsele,ZA,University of Pretoria
TN2VGD7Z,13,A5040136318,Nobuhle Majozi,ZA,Council for Scientific and Industrial Research
TN2VGD7Z,14,A5024562732,Zoe Pierrat,US,Jet Propulsion Laboratory
TN2VGD7Z,14,A5024562732,Zoe Pierrat,US,Carbon Cycle and Ecosystems
TN2VGD7Z,15,A5041115618,Simon Ferrier,AU,Commonwealth Scientific and Industrial Research Organisation
TN2VGD7Z,15,A5041115618,Simon Ferrier,,ACT Government
KDPXTA6R,0,,Kerry Cawse-Nicholson,US,Jet Propulsion Laboratory
8GBUSDPU,0,A5101994055,Yue Ma,US,"University at Buffalo, State University of New York"
8GBUSDPU,1,A5005042481,Yingjie Hu,US,"University at Buffalo, State University of New York"
8GBUSDPU,2,A5081903935,Glenn R. Moncrieff,ZA,University of Cape Town
8GBUSDPU,2,A5081903935,Glenn R. Moncrieff,ZA,South African Environmental Observation Network
8GBUSDPU,3,A5075161633,Jasper A. Slingsby,ZA,University of Cape Town
8GBUSDPU,3,A5075161633,Jasper A. Slingsby,ZA,South African Environmental Observation Network
8GBUSDPU,4,A5034086801,Adam M. Wilson,US,"University at Buffalo, State University of New York"
8GBUSDPU,5,A5059379027,Brian Maitner,US,"University at Buffalo, State University of New York"
8GBUSDPU,6,A5070467313,Ryan Zhenqi Zhou,US,"University at Buffalo, State University of New York"
MP88FRTW,0,A5054803811,Philip A. White,US,Brigham Young University
MP88FRTW,0,A5054803811,Philip A. White,US,Berry & Associates (United States)
MP88FRTW,1,A5074325009,Henry Frye,US,University of Connecticut
MP88FRTW,2,A5075161633,Jasper A. Slingsby,ZA,University of Cape Town
MP88FRTW,2,A5075161633,Jasper A. Slingsby,ZA,South African Environmental Observation Network
MP88FRTW,3,A5009427375,John A. Silander,US,University of Connecticut
MP88FRTW,4,A5042522667,Alan E. Gelfand,US,Duke University
P98BPJJB,0,A5054803811,Philip A. White,US,Brigham Young University
P98BPJJB,0,A5054803811,Philip A. White,US,Berry & Associates (United States)
P98BPJJB,1,A5042522667,Alan E. Gelfand,US,Duke University
P98BPJJB,2,A5074325009,Henry Frye,US,University of Wisconsin–Madison
P98BPJJB,2,A5074325009,Henry Frye,US,University of Connecticut
P98BPJJB,3,A5009427375,John A. Silander,US,University of Connecticut
ABGPNAR6,0,A5041317932,Jeannine Cavender‐Bares,US,University of Minnesota
ABGPNAR6,1,A5017777798,Fabian Schneider,US,Jet Propulsion Laboratory
ABGPNAR6,2,A5030734772,Maria J. Santos,CH,University of Zurich
ABGPNAR6,3,A5012788619,Amanda Armstrong,US,Goddard Space Flight Center
ABGPNAR6,4,A5089366029,Ana Carolina Carnaval,US,"The Graduate Center, CUNY"
ABGPNAR6,4,A5089366029,Ana Carolina Carnaval,US,City University of New York
ABGPNAR6,5,A5030208538,Kyla M. Dahlin,US,Michigan State University
ABGPNAR6,6,A5000005785,Temilola Fatoyinbo,US,Goddard Space Flight Center
ABGPNAR6,7,A5031682856,G. C. Hurtt,US,"University of Maryland, College Park"
ABGPNAR6,8,A5069783783,David Schimel,US,Jet Propulsion Laboratory
ABGPNAR6,9,A5014556096,Philip A. Townsend,US,University of Wisconsin–Madison
ABGPNAR6,10,A5039853039,Susan L. Ustin,US,John Muir Health
ABGPNAR6,10,A5039853039,Susan L. Ustin,US,"University of California, Davis"
ABGPNAR6,11,A5100438136,Zhihui Wang,CN,Guangdong Academy of Sciences
ABGPNAR6,11,A5100438136,Zhihui Wang,CN,Guangzhou Institute of Geography
ABGPNAR6,12,A5034086801,Adam M. Wilson,US,"University at Buffalo, State University of New York"
5KXPPZA2,0,A5007124784,Manisha Das Chaity,US,Rochester Institute of Technology
5KXPPZA2,1,A5085740223,Jan van Aardt,US,Rochester Institute of Technology
2DD54T62,0,A5069497636,Elisa Van Cleemput,NL,Leiden University
2DD54T62,1,A5038647585,Peter B. Adler,US,Utah State University
2DD54T62,2,A5088929369,Katharine N. Suding,US,University of Colorado Boulder
2DD54T62,3,A5017575839,Alanna J. Rebelo,ZA,Stellenbosch University
2DD54T62,4,A5065467022,Benjamin Poulter,US,Goddard Space Flight Center
2DD54T62,5,A5033730022,Laura E. Dee,US,University of Colorado Boulder
4KUB3QYT,0,,Andrew A. Turner,ZA,University of Cape Town
4KUB3QYT,0,,Andrew A. Turner,ZA,University of the Western Cape
4KUB3QYT,1,A5025552518,Matthew L. Clark,US,GDA (United States)
4KUB3QYT,2,A5033883190,Leonardo Salas,US,Point Blue Conservation Science
4KUB3QYT,3,A5068104326,Colleen L. Seymour,ZA,University of Cape Town
4KUB3QYT,3,A5068104326,Colleen L. Seymour,ZA,South African National Biodiversity Institute
4KUB3QYT,4,A5082102637,Rose L. Snyder,US,Point Blue Conservation Science
4KUB3QYT,5,A5060223551,Alan TK Lee,ZA,University of Cape Town
4KUB3QYT,5,A5060223551,Alan TK Lee,ZA,University of KwaZulu-Natal
4KUB3QYT,6,A5070888429,António Ferraz,US,Jet Propulsion Laboratory
4KUB3QYT,6,A5070888429,António Ferraz,US,"University of California, Los Angeles"
4KUB3QYT,7,A5017777798,Fabian Schneider,US,Jet Propulsion Laboratory
4KUB3QYT,7,A5017777798,Fabian Schneider,DK,Aarhus University
4KUB3QYT,8,A5032399452,John Measey,ZA,Stellenbosch University
4KUB3QYT,9,A5081801586,Johan Huisamen,,
4KUB3QYT,10,A5091180407,Daniël Cloete,,
4KUB3QYT,11,A5090324041,Sally Hofmeyr,ZA,University of Cape Town
4KUB3QYT,12,A5079215112,Christina Hagen,,
4KUB3QYT,13,A5035327705,David Leland,US,Point Blue Conservation Science
4KUB3QYT,14,A5053643030,Wendy Schackwitz,US,Point Blue Conservation Science
4KUB3QYT,15,A5014284746,Festus O. Adegbola,US,"University at Buffalo, State University of New York"
4KUB3QYT,16,A5099166248,Eugéne Hahndiek,NL,Wetlands International
4KUB3QYT,17,A5021233422,Grant S. Joseph,ZA,University of Cape Town
4KUB3QYT,18,A5119323757,Jacques Van Rooi,ZA,University of Cape Town
4KUB3QYT,19,,Michelle Fuchs,,
4KUB3QYT,20,A5103356506,Saskia Thomas,,
4KUB3QYT,21,A5119323758,Simphiwe Madlala,ZA,South African National Biodiversity Institute
4KUB3QYT,22,A5044638310,Jacky Spiby,,
4KUB3QYT,23,A5119323759,Patty Taljaard,,
BE727DXZ,0,A5075161633,Jasper A. Slingsby,ZA,University of Cape Town
BE727DXZ,0,A5075161633,Jasper A. Slingsby,ZA,South African Environmental Observation Network
BE727DXZ,1,A5034086801,Adam M. Wilson,US,"University at Buffalo, State University of New York"
BE727DXZ,2,A5059379027,Brian Maitner,US,"University at Buffalo, State University of New York"
BE727DXZ,3,A5081903935,Glenn R. Moncrieff,ZA,University of Cape Town
BE727DXZ,3,A5081903935,Glenn R. Moncrieff,ZA,South African Environmental Observation Network
PPKBMMP2,0,A5025853719,Heidi M. Dierssen,US,University of Connecticut
PPKBMMP2,1,A5075918914,Michelle M. Gierach,US,Jet Propulsion Laboratory
PPKBMMP2,2,A5063918953,Liane Guild,US,Ames Research Center
PPKBMMP2,3,A5072896011,Antonio Mannino,US,Goddard Space Flight Center
PPKBMMP2,4,A5078092452,J. Salisbury,US,University of New Hampshire
PPKBMMP2,5,A5033346103,Stephanie Schollaert Uz,US,Goddard Space Flight Center
PPKBMMP2,5,A5033346103,Stephanie Schollaert Uz,US,National Aeronautics and Space Administration
PPKBMMP2,6,A5055749373,J. P. Scott,US,National Association of Social Workers
PPKBMMP2,7,A5014556096,Philip A. Townsend,US,University of Wisconsin–Madison
PPKBMMP2,8,A5026767494,Kevin Turpie,US,Goddard Space Flight Center
PPKBMMP2,9,A5041269771,Maria Tzortziou,US,City College of New York
PPKBMMP2,9,A5041269771,Maria Tzortziou,US,Goddard Space Flight Center
PPKBMMP2,10,A5013392757,Erin Urquhart,US,Goddard Space Flight Center
PPKBMMP2,11,A5059131580,Ryan Vandermeulen,US,NOAA National Marine Fisheries Service
PPKBMMP2,11,A5059131580,Ryan Vandermeulen,US,Office of Science
PPKBMMP2,12,A5042345986,P. Jeremy Werdell,US,Goddard Space Flight Center
S85MIDBQ,0,A5033730022,Laura E. Dee,US,University of Colorado Boulder
S85MIDBQ,1,A5019002025,Paul J. Ferraro,US,Johns Hopkins University
S85MIDBQ,1,A5019002025,Paul J. Ferraro,US,Johns Hopkins Medicine
S85MIDBQ,2,A5066514488,Christopher N. Severen,US,Federal Reserve Bank of Philadelphia
S85MIDBQ,3,A5084636349,Kaitlin Kimmel,US,University of Colorado Boulder
S85MIDBQ,4,A5054425806,Elizabeth T. Borer,US,University of Minnesota
S85MIDBQ,5,A5058363407,Jarrett E. K. Byrnes,US,University of Massachusetts Boston
S85MIDBQ,6,A5016026301,Adam Thomas Clark,AT,University of Graz
S85MIDBQ,7,A5091113989,Yann Hautier,NL,Utrecht University
S85MIDBQ,8,A5018954744,Andy Hector,GB,University of Oxford
S85MIDBQ,9,A5059481475,Xavier Raynaud,FR,Centre National de la Recherche Scientifique
S85MIDBQ,9,A5059481475,Xavier Raynaud,FR,Université Paris-Est Créteil
S85MIDBQ,9,A5059481475,Xavier Raynaud,FR,Université Paris Cité
S85MIDBQ,9,A5059481475,Xavier Raynaud,FR,Sorbonne Université
S85MIDBQ,9,A5059481475,Xavier Raynaud,FR,Institut d'écologie et des sciences de l'environnement de Paris
S85MIDBQ,9,A5059481475,Xavier Raynaud,FR,Institut de Recherche pour le Développement
S85MIDBQ,10,A5044264078,Peter B. Reich,US,University of Minnesota
S85MIDBQ,10,A5044264078,Peter B. Reich,US,Minnesota Department of Natural Resources
S85MIDBQ,10,A5044264078,Peter B. Reich,US,University of Michigan
S85MIDBQ,10,A5044264078,Peter B. Reich,AU,Western Sydney University
S85MIDBQ,11,A5062290591,Alexandra J. Wright,US,California State University Los Angeles
S85MIDBQ,12,A5033259536,Carlos Alberto Arnillas,CA,University of Toronto
S85MIDBQ,12,A5033259536,Carlos Alberto Arnillas,CA,The Scarborough Hospital
S85MIDBQ,13,A5071979623,Kendi F. Davies,US,University of Colorado Boulder
S85MIDBQ,14,A5091555028,Andrew MacDougall,CA,University of Guelph
S85MIDBQ,15,A5061716797,Akira Mori,JP,The University of Tokyo
S85MIDBQ,16,A5005507907,Melinda D. Smith,US,Colorado State University
S85MIDBQ,17,A5038647585,Peter B. Adler,US,Utah State University
S85MIDBQ,18,A5065787988,Jonathan D. Bakker,US,University of Washington
S85MIDBQ,19,A5024133569,Kate A. Brauman,US,University of Alabama
S85MIDBQ,20,A5016353787,Jane Cowles,US,University of Minnesota
S85MIDBQ,21,A5023428792,Kimberly J. Komatsu,US,Smithsonian Environmental Research Center
S85MIDBQ,22,A5062271268,Johannes M. H. Knops,CN,Xi’an Jiaotong-Liverpool University
S85MIDBQ,23,A5037939497,Rebecca L. McCulley,US,University of Kentucky
S85MIDBQ,24,A5051286471,Joslin L. Moore,AU,Monash University
S85MIDBQ,25,A5037782885,John W. Morgan,AU,La Trobe University
S85MIDBQ,26,A5021661900,Timothy Ohlert,US,Colorado State University
S85MIDBQ,27,A5074174474,Sally A. Power,AU,Western Sydney University
S85MIDBQ,28,A5049704200,Lauren L. Sullivan,US,Michigan State University
S85MIDBQ,29,A5039328232,Carly Stevens,GB,Lancaster University
S85MIDBQ,30,A5015141521,Michel Loreau,FR,Centre National de la Recherche Scientifique
S85MIDBQ,30,A5015141521,Michel Loreau,FR,Station d’Écologie Théorique et Expérimentale
R5Z6SWHK,0,A5058363407,Jarrett E. K. Byrnes,US,University of Massachusetts Boston
R5Z6SWHK,1,A5033730022,Laura E. Dee,US,University of Colorado Boulder
GNGJEEK8,0,A5038965637,Henry F. Houskeeper,US,Woods Hole Oceanographic Institution
GNGJEEK8,1,A5111897973,Stanford B. Hooker,US,Film Independent
JDNPS7WH,0,A5078335347,Anabelle W. Cardoso,ZA,University of Cape Town
JDNPS7WH,0,A5078335347,Anabelle W. Cardoso,US,"University at Buffalo, State University of New York"
JDNPS7WH,1,A5011542168,Erin L. Hestir,US,"University of California, Merced"
JDNPS7WH,2,A5075161633,Jasper A. Slingsby,ZA,University of Cape Town
JDNPS7WH,2,A5075161633,Jasper A. Slingsby,ZA,South African Environmental Observation Network
JDNPS7WH,3,A5021319056,Cherié J. Forbes,ZA,University of Cape Town
JDNPS7WH,3,A5021319056,Cherié J. Forbes,US,"University at Buffalo, State University of New York"
JDNPS7WH,4,A5081903935,Glenn R. Moncrieff,,
JDNPS7WH,5,A5030949747,Woody Turner,,
JDNPS7WH,6,A5082317382,Andrew Skowno,ZA,University of Cape Town
JDNPS7WH,6,A5082317382,Andrew Skowno,ZA,South African National Biodiversity Institute
JDNPS7WH,7,A5017719816,Jacob Nesslage,ZA,South African Environmental Observation Network
JDNPS7WH,8,A5004825526,Philip G. Brodrick,US,Jet Propulsion Laboratory
JDNPS7WH,9,A5026049247,Keith D. Gaddis,,
JDNPS7WH,10,A5034086801,Adam M. Wilson,US,"University at Buffalo, State University of New York"
G7CC23BR,0,A5072517782,Bongokuhle Sibiya,ZA,University of KwaZulu-Natal
G7CC23BR,1,A5031257536,John Odindi,ZA,University of KwaZulu-Natal
G7CC23BR,2,A5052316745,Onisimo Mutanga,ZA,University of KwaZulu-Natal
G7CC23BR,3,A5022441956,Moses Azong Cho,CA,Canadian Society of Intestinal Research
G7CC23BR,4,A5079099880,Cecilia Masemola,CA,Canadian Society of Intestinal Research
G7CC23BR,5,A5116428485,Johannes Van Stadenc,ZA,University of KwaZulu-Natal
G7CC23BR,6,A5063601518,McMaster Vambe,ZA,University of KwaZulu-Natal
N4U9G7BA,0,A5058363407,Jarrett E. K. Byrnes,US,University of Massachusetts Boston
N4U9G7BA,1,A5033730022,Laura E. Dee,US,University of Colorado Boulder
